{
  "test/integration/opaTests.qunit.js.map": 1701616344566,
  "test/integration/pages/RisksList.js": 1701610773769,
  "test/integration/pages/RisksObjectPage.js": 1701610773769,
  "test/integration/opaTests.qunit.js": 1701610773729,
  "test/integration/FirstJourney.js": 1701610773781,
  "test/testsuite.qunit.js": 1701610773717,
  "xs-app.json": 1701616327718,
  "manifest.json": 1701616328038,
  "Component.js": 1701610773669,
  "test/testsuite.qunit-dbg.js": 1701610773717,
  "test/testsuite.qunit.js.map": 1701616344567,
  "test/integration/pages/RisksObjectPage-dbg.js": 1701610773769,
  "test/integration/pages/RisksObjectPage.js.map": 1701616344578,
  "test/integration/opaTests.qunit-dbg.js": 1701610773729,
  "i18n/i18n.properties": 1701610843532,
  "test/integration/FirstJourney-dbg.js": 1701610773781,
  "test/integration/FirstJourney.js.map": 1701616344567,
  "test/integration/pages/RisksList-dbg.js": 1701610773769,
  "test/integration/pages/RisksList.js.map": 1701616344570,
  "Component-dbg.js": 1701610773669,
  "Component.js.map": 1701616344570,
  "Component-preload.js": 1701616344669,
  "Component-preload.js.map": 1701616344669,
  "test/integration/opaTests.qunit.html": 1701610773729,
  "localService/metadata.xml": 1701610773705,
  "test/testsuite.qunit.html": 1701610773713,
  "test/flpSandbox.html": 1701610773713,
  "index.html": 1701610773669
}